{
  "timestamp": "2025-09-11T00:32:31.653848",
  "inlet": {
    "u_mean": 1.0043367147445679,
    "u_std": 0.02162865363061428,
    "u_rms_err_to_U": 0.02205912477368524,
    "psi_rms_err_to_Uy": 0.0006940309402667587
  },
  "seam": {
    "psi_rms": 0.09974417090415955,
    "p_rms": 0.07673734426498413
  },
  "continuity": {
    "div_rms": 1.1423081651423227e-15,
    "psi_min": -0.5013742446899414,
    "psi_max": 0.6122084856033325,
    "p_min": -0.2116566151380539,
    "p_max": 0.679779589176178
  },
  "forces_conv": [
    {
      "n": 200,
      "Cl": 0.011032571872678254,
      "Cd_raw": -0.04597174516185811,
      "Cd_mag": 0.04597174516185811
    },
    {
      "n": 500,
      "Cl": 0.00849667409965571,
      "Cd_raw": -0.04589332461193893,
      "Cd_mag": 0.04589332461193893
    },
    {
      "n": 1000,
      "Cl": 0.007620781382730257,
      "Cd_raw": -0.045885825796279235,
      "Cd_mag": 0.045885825796279235
    },
    {
      "n": 2000,
      "Cl": 0.007177687920945308,
      "Cd_raw": -0.04588493327081054,
      "Cd_mag": 0.04588493327081054
    }
  ],
  "residual_grid_error": "setting an array element with a sequence. The requested array has an inhomogeneous shape after 1 dimensions. The detected shape was (3,) + inhomogeneous part."
}
